0.2228507000349016, 0.5334991574350458, 0.5347321756084689, 0.2555978792750953, 0.039139151178806494
0.7459015201361416, 0.7867923877592138, 0.03994315781953585, 0.3974918868082737, 0.04821838979134293
0.17935759913412266, 0.4831788179553678, 0.8896814347945156, 0.003473598594580528, 0.05995232921841788
0.18982341110226442, 0.17862919181533446, 0.2923613889761162, 0.6565791539596735, 0.035898080845902215
0.21766261616004504, 0.7765625435542014, 0.9096396844633126, 0.6484838548463884, 0.0427259400942597
0.7289710910582988, 0.5929278672967614, 0.7184588810770236, 0.6515255613708676, 0.047803402445860586
0.22961104948242564, 0.5792547180512689, 0.8123117685753298, 0.48476081729715986, 0.051926431364781166
0.0025861644008167073, 0.7032056043939305, 0.04106503243859941, 0.6330238501568795, 0.05939708570647107
0.956393290309501, 0.19612319452697002, 0.3741448438047523, 0.5115220621840354, 0.043044830497084775
0.18805790192177574, 0.6235066654938738, 0.6732287059967028, 0.9593505000944333, 0.0424200450520287
0.2247319737195249, 0.5135093343707573, 0.8024949773766583, 0.7522349340650486, 0.04562093475515276
0.8494934395133369, 0.7027369568689065, 0.8129218970935796, 0.3691601142860879, 0.048075817685746536
0.8246668220406203, 0.4766701197590548, 0.6404716928411172, 0.17229045223653205, 0.04163783718726478
0.19702014090010603, 0.778101237786899, 0.37839260392813445, 0.3611269444683527, 0.048228514330227214
0.8157303851958886, 0.7208548725215668, 0.5441196416228655, 0.11351494310541785, 0.043708417250682446
0.4242953575794065, 0.7927711749168731, 0.10650648334861657, 0.03805929538059339, 0.054282475638623644
0.3831065345512142, 0.32301525774533146, 0.5175403955388989, 0.8333808909912821, 0.04478713422858317
0.4456721202808126, 0.7091651760993142, 0.01781451090308876, 0.4431557032876613, 0.05063471290534266
0.3671859487348961, 0.6997167331949832, 0.32003515646517655, 0.8472349293099799, 0.045801013291830506
0.7754554633947564, 0.33522785828623985, 0.859427012543166, 0.6608399732434111, 0.04378916132057351
0.9533897594079223, 0.20688142933832704, 0.1329460843378506, 0.09794295911282225, 0.03980976470269063
0.4693262413278163, 0.36500485653616466, 0.865182539245268, 0.3602401546610309, 0.0476500450690518
0.7829442086145348, 0.9927730590422804, 0.1211895210023913, 0.796950048519512, 0.04094954565709897
0.16956193158354196, 0.5992472102723544, 0.17744985804379587, 0.36407568500777343, 0.04456454024792699
0.13554730276857843, 0.08726587158625748, 0.6643690711346045, 0.17387480841950015, 0.038221516019084495
0.5620768354465008, 0.6746977035591598, 0.7382857232852025, 0.45276903408359737, 0.0476070319452843
0.5565201550008533, 0.15311126758541482, 0.627644872290603, 0.6931490946514793, 0.040034715710986116
0.764765852608698, 0.9875656374114646, 0.9898861545031648, 0.45171063039320136, 0.0497158848924707
0.9823292558464958, 0.3854129066289607, 0.47966136055545033, 0.34737415929540644, 0.047041095650813824
0.6944977938677099, 0.5502124304923887, 0.4323351983011544, 0.6893561451861591, 0.04406682747621048
0.6652467757881229, 0.5799728656951776, 0.8313133745120647, 0.017339431975791474, 0.05563153031163185
0.1472857482767448, 0.4145542183665376, 0.329184968388782, 0.07931118856759659, 0.04755318112484532
0.9373263633396347, 0.5216371573035452, 0.4003646078899075, 0.7592683933706003, 0.04502797414923363
0.9952514366843945, 0.3380134678864008, 0.02514547763262008, 0.622039157786668, 0.04767940108335806
0.9057863156160173, 0.4729572028177128, 0.431308129327708, 0.2961746635051084, 0.04218007908603151
0.6718050855926301, 0.5155464126537821, 0.9938458522645236, 0.04621223361595301, 0.05559423938569212
0.13178055969803348, 0.53576129585055, 0.29465637086599855, 0.026515752916175542, 0.0499085078606812
0.9703100404240901, 0.7014322376298056, 0.3716179492837785, 0.3483473179474509, 0.044933947714000555
0.9253798611794393, 0.7742173054836922, 0.14305379753271447, 0.38921164474107023, 0.04561417765442036
0.6535400802926056, 0.443571081588933, 0.7424662278460503, 0.9724717924561354, 0.04711149480169182
0.455857388346628, 0.7527395118834697, 0.663900647792593, 0.3966193400442102, 0.04852521067781052
0.9530703659407495, 0.5316631146398565, 0.18508186592401935, 0.8660783633586884, 0.0463825148763638
0.4804354159930875, 0.7366392708448138, 0.8227263205174553, 0.46893872739365966, 0.04750177523584003
0.4646637592644052, 0.6092773088751983, 0.926656617433268, 0.7857353977247061, 0.04311984802040511
0.5593357507114212, 0.17410199605990187, 0.3997861579004359, 0.5466737268741859, 0.04584829932209637
0.6348105231156471, 0.3414885927298852, 0.7821650958232681, 0.5439857290417902, 0.04555761717263425
0.05089336912219929, 0.25025646002560725, 0.04156258727561723, 0.17646461565365348, 0.04929619796401447
0.7656373371574561, 0.5578520989764909, 0.9635663894105655, 0.5999860880456845, 0.047823150335862166
0.11206824409118235, 0.38479251650701296, 0.1364258205171168, 0.24521132711208563, 0.031110221405214987
0.18310647351920373, 0.6284112364615929, 0.7198312530512705, 0.11825992463632161, 0.042509315743240496
0.17582410387457656, 0.7466913823085487, 0.20054356705752455, 0.9064638109298556, 0.04514138086629894
0.9933724023613348, 0.4817217591588676, 0.7473732542242013, 0.47794526677507015, 0.051832394156226556
0.9286135216451141, 0.7812220116082754, 0.34392592319386156, 0.12995049285947988, 0.04358153457156104
0.12654402723918787, 0.24860154740378193, 0.786682743360892, 0.21055281925113778, 0.02976947886052412
0.6352748670236107, 0.7139051221181024, 0.33939399630571765, 0.9440235061139505, 0.04373052815355313
0.6151294686708183, 0.2597253158927715, 0.7200523038625589, 0.20608346032706656, 0.03268890811471844
0.5543337587453968, 0.9702009587819421, 0.6379997971062984, 0.4242581932506137, 0.04762473983091455
0.5321626044714683, 0.2419432762849353, 0.6542708900327168, 0.4792223137846357, 0.04194798825170919
0.7808041032867422, 0.6245911618354524, 0.6602333003525951, 0.49017526851968135, 0.04977703712978473
0.1422394365861458, 0.3132222843080756, 0.9931277767088806, 0.641057450880717, 0.0374647424577299
0.15280113524965974, 0.4003757430191391, 0.45058823179073626, 0.40000421909896144, 0.05058983208322075
0.9977256363364385, 0.8759483373851623, 0.9074706777014763, 0.5346503565011153, 0.04723128654085191
0.7234239919232992, 0.7721622770891021, 0.45671934337717174, 0.27505373031392005, 0.04022630668417503
0.9889194650272297, 0.779201985553062, 0.6102255554973018, 0.7839562965846418, 0.04445335928834002
0.305165506837238, 0.8704066342838825, 0.4164041639076414, 0.695342392163895, 0.045580455178164316
0.6800412804864259, 0.8833484055934565, 0.6142228524913573, 0.7331509974931996, 0.04330640293165511
0.7949867064761358, 0.9805562662825749, 0.6543465468818461, 0.9984097934931363, 0.04618707088369151
0.8288097490331819, 0.33136273791358856, 0.2821447463717206, 0.4668217308877176, 0.04875468846140986
0.18763699572554537, 0.13480921349292616, 0.5995580593957224, 0.644738558980694, 0.0390764433618585
0.6344119712684714, 0.33207459977595943, 0.8736850157547842, 0.04844035273193372, 0.05153404386869378
0.9560221692172219, 0.6107211535863469, 0.6013801961245758, 0.04436006550904789, 0.053103069063995555
0.2549088267216115, 0.44473521743438377, 0.9779461126123756, 0.9697339810274598, 0.05061778839069319
0.4757321562957923, 0.460415833347609, 0.6549933344934742, 0.5371182209403476, 0.050600476690954625
0.3742572338105807, 0.04242746804351038, 0.3954686221582254, 0.6033324258908516, 0.052437234371724054
0.2888434185900552, 0.5565802094154759, 0.6946674885561269, 0.0847979837875298, 0.05060855296088149
0.178409011768758, 0.29740199597927786, 0.9330159636133191, 0.871232065077255, 0.04388074026518984
0.19057256040346832, 0.0801508439967231, 0.36329438347689375, 0.6905674935083563, 0.04625007258080617
0.23747219415934587, 0.8446662803398585, 0.7988956064512894, 0.26672279621940725, 0.03869587493026717
0.19152729409554045, 0.1588430300855447, 0.26437120880698084, 0.5547125599415795, 0.03992018330800251
0.7289190658244666, 0.6898269309791967, 0.7156812739717674, 0.19503713539971584, 0.040505698595570135
0.2024949580617294, 0.8509680782710493, 0.5184466572719719, 0.09807155070608403, 0.04745848881788022
0.666470659078974, 0.8921517589706709, 0.21544273402388409, 0.82068595381307, 0.045727086868231445
0.49638884703405994, 0.1869662753254858, 0.7681109507454954, 0.3219968105097976, 0.03843760626363616
0.31288213282734156, 0.8789534704908631, 0.16276071997459596, 0.13257289166392347, 0.04109321841834789
0.46143019751105135, 0.5866741232073305, 0.033845260679441956, 0.428123545007589, 0.04945427649462013
0.5432381523077973, 0.9654362556781984, 0.5931045061844006, 0.17883964432074462, 0.03917661366946893
0.29357209278719854, 0.13829463966149838, 0.8783811187980045, 0.8721575232879151, 0.041608153514949106
0.28583136551335364, 0.4302483259897974, 0.26329178150527843, 0.19098705211857314, 0.04293935182041334
0.6491615359280832, 0.5827650480699686, 0.36715517478138016, 0.0869658716218133, 0.04846750922452634
0.5661906803649854, 0.3537744534868712, 0.5394197390022257, 0.5737744871027587, 0.04522312698653803
0.27108653772536767, 0.858798494790047, 0.22344748624071098, 0.3643619437752267, 0.047505456199033756
0.9562332082945053, 0.4782519958067878, 0.8184761885484897, 0.09254687028737556, 0.050883938255007914
0.2188594727893474, 0.7479076204391876, 0.006280138209336617, 0.5361808395018641, 0.054534530931605596
0.6402089471227689, 0.16479527474160818, 0.6143352710398446, 0.8262790974933109, 0.042031257621355365
0.9995747888016414, 0.8018659790217286, 0.4600836547318089, 0.6458150941331056, 0.04401924233034334
0.763642765308688, 0.5503605719718848, 0.7851124612218976, 0.31586170196090124, 0.042333349504007585
0.6329579355493427, 0.970988041210437, 0.8763916177503903, 0.2411012470938972, 0.03666811470274678
0.009418574519365478, 0.9272016988115689, 0.7401370033063476, 0.2441274422731384, 0.04629191758248991
0.7652642711717929, 0.15789579339226664, 0.7365169046106366, 0.44967359601127554, 0.04458757054600508
0.35444687438714745, 0.08436377780470984, 0.8320107647777125, 0.2953021558022999, 0.04253104045480634
0.7438149279966529, 0.8842506401399634, 0.8233857556303144, 0.07363518198436994, 0.04985708955814236
0.5247724973340678, 0.831816521693629, 0.8848746586893423, 0.09938121609271063, 0.04639611923396969
0.45035575740206185, 0.821408064757136, 0.6637181046904266, 0.4254888191693118, 0.049577878153922506
0.2450225189440268, 0.46378372680481333, 0.6673879089600325, 0.9303415932222573, 0.05026194297028617
0.2782063106288263, 0.5983634852208276, 0.1771763353384721, 0.996852190199087, 0.04568513471500269
0.9157941493836741, 0.6838721716692869, 0.5154577433587108, 0.5616268355274445, 0.04634564295030908
0.9934723289555386, 0.28963754356469645, 0.41100163943457885, 0.31874801483686904, 0.038985213757681755
0.07602312920184925, 0.8406495930701419, 0.2728712315448945, 0.04794417438509441, 0.04670971976044512
0.8731914553725447, 0.7017371067792143, 0.17264581304040003, 0.6177894449951559, 0.043930517628974375
0.053741182341604465, 0.035059190626020864, 0.5611398359736651, 0.6334730089344903, 0.05469823371868598
0.4834967056000186, 0.02893529861008807, 0.37882740701715334, 0.9099119737036965, 0.05159561252871081
0.4477515272351073, 0.15996668139777895, 0.05456854374329189, 0.39644377565410743, 0.043173481986750376
0.07819295119392701, 0.13305036432240833, 0.7488047366899072, 0.6280449996800175, 0.04472291475811728
0.5883412892341693, 0.680593236613231, 0.6513957294639109, 0.6841808115828377, 0.044000924684768725
0.04962922241991971, 0.8254579964560864, 0.08586457647175835, 0.21203404781336263, 0.03687231314791802
0.5657863453334815, 0.43713212684281055, 0.9810752286835536, 0.07468156642220325, 0.052911057229283125
0.7913515293726574, 0.07861759220609675, 0.8915135661430234, 0.3132107913405096, 0.04339892619558392
0.5339469483493103, 0.6242877532114735, 0.14154495121224328, 0.6258971964813702, 0.043481298131385585
0.1057427205191279, 0.22655571924872628, 0.7287173653262866, 0.28733360169272165, 0.030599690101552987
0.7056413196733334, 0.8637914894614984, 0.28378829256618815, 0.9576560945902887, 0.045561361749550174
0.816380701118161, 0.20464732911524894, 0.695378889073186, 0.48257481400150815, 0.04534385657445914
0.1213862190341619, 0.8459362067929352, 0.4649606339361307, 0.992418860195576, 0.03870948375890512
0.6973319700012677, 0.7325400791197708, 0.03571512178678099, 0.2485765034424495, 0.04234090326206326
0.6621102147261145, 0.1566974601416589, 0.9834678706688413, 0.8021520128898455, 0.04102870225028945
0.9319180944565604, 0.718611239360464, 0.9923022171719778, 0.7618072827127097, 0.043919803871037076
0.2603837189674352, 0.021048003968824256, 0.42646250482728804, 0.49780419305457896, 0.05634390389938288
0.9638570100875989, 0.42644409319486437, 0.5855515445358792, 0.6867258411014115, 0.045586232121916925
0.6407572337833151, 0.6381196573439175, 0.6299190117773827, 0.5651952251760651, 0.048588891647513115
0.4640216986880745, 0.9926545258268666, 0.36541865844516813, 0.07366085000449932, 0.048915373813663315
0.22846157303273518, 0.7445339006056912, 0.02800386253660232, 0.763263808513699, 0.047998498081977384
0.3585508658305712, 0.8880049590687829, 0.8866950769652271, 0.6754484823977327, 0.044788325533911474
0.8297596880970459, 0.10266808501223458, 0.5829593823305237, 0.6266614958759016, 0.04510632769644653
0.3108412074491701, 0.05478256315894591, 0.5111812582804226, 0.4697027054405855, 0.05538829558617354
0.7819218114345677, 0.12690748737530108, 0.03200244591727783, 0.704312643074683, 0.05087265001220099
0.27013762733456803, 0.01672746153355757, 0.8753276122183427, 0.5216485068068251, 0.0553534145509164
0.20965018454157355, 0.9687293672803015, 0.17599100858302427, 0.7743825145954216, 0.04442200070154327
0.4950693901542171, 0.41194586736865546, 0.3360640178876353, 0.17167574123331117, 0.04075220151530207
0.6415090159355937, 0.6024822052880581, 0.36838135693389484, 0.6572581939191611, 0.04441904561788839
0.3266176520077735, 0.28556226664246237, 0.4109939856408987, 0.7225765774677435, 0.04322817864802833
0.512850550654623, 0.09248178718642261, 0.2572139535858708, 0.8897514373587159, 0.04678815174953921
0.711927392419938, 0.8681456991856336, 0.3219984549122433, 0.7646558629138407, 0.04486244559902864
0.6620641874883374, 0.029913071169838185, 0.8770377171836771, 0.21644003730967395, 0.0423607910294769
0.8430284929919032, 0.7221124863761754, 0.3323264749905946, 0.2666797017468373, 0.03929474636564523
0.6509967897002277, 0.7492304584637762, 0.030400995593678735, 0.43242174512422643, 0.05039099208752466
0.9206041193312084, 0.1975191844833142, 0.4344637205522281, 0.0032584980544636726, 0.04988672267136696
0.8283892007747982, 0.410524939401745, 0.8406348057945137, 0.6227765316068615, 0.0472528943107707
0.8612987118413418, 0.04470619672313315, 0.456708410128415, 0.6038415305152882, 0.0506879421152597
0.837089954250699, 0.23060752837601825, 0.2932410440904782, 0.23671208976885358, 0.03525430396271371
0.19081826721787817, 0.23206361288838817, 0.697035880073914, 0.791352853678173, 0.04094713593057522
0.4861951918013545, 0.11694941406721027, 0.09890327299072738, 0.9559983250876565, 0.04364910919568546
0.877411007322853, 0.7185122592526365, 0.793791342234757, 0.3864449137756178, 0.048077922719286355
0.5647881241641511, 0.4070393406192166, 0.1511246244517661, 0.9501718976879122, 0.04560175545086811
0.20855943952541142, 0.6808122081469331, 0.5316962952127815, 0.04249912153584849, 0.05265541427407396
0.5676764633966583, 0.5373375529340562, 0.46591386811189184, 0.6360692302521788, 0.04386742597172795
0.9048967401365761, 0.05480035273654765, 0.5837622650447402, 0.9994789130332389, 0.04996539187194686
0.5757421813436255, 0.8204021819642169, 0.8417988224501981, 0.5731107775269156, 0.04569768853641451
0.11047543213274222, 0.033985591966259894, 0.5669572221867709, 0.5381142904722064, 0.05377658508984096
0.41969074535082923, 0.7197942061254463, 0.6172994146042972, 0.46265628289121297, 0.04757132163718418
0.638200960633803, 0.41149075342226277, 0.7664126930657205, 0.625946971931651, 0.047017772683412506
0.047038725993612786, 0.5011888843686649, 0.14045108125721842, 0.1101633832990956, 0.04389665785609441
0.3172281607897895, 0.05986208255885054, 0.39697877341888016, 0.9830643040889008, 0.04996573682312702
0.6950759596730414, 0.6568775404034325, 0.6012220984226947, 0.8010797921493151, 0.04347434501607575
0.2896538770254842, 0.6008997045859107, 0.06291621148413094, 0.744673893313051, 0.04647006743721306
0.9540381789021062, 0.1810776327502371, 0.4727565271558436, 0.3245798272927773, 0.03881497155300189
0.06270190648947174, 0.5615776980559954, 0.195742834110426, 0.17352416250566483, 0.03742522545117885
0.21079377843999378, 0.13226113528904868, 0.3264675740702585, 0.4483085652769004, 0.047690052104312076
0.40901204143825715, 0.11337100133904593, 0.08394991029252694, 0.6637458452225856, 0.0443929207321753
0.2737162095321745, 0.7220566304735331, 0.8976186801416745, 0.702983941325386, 0.04552583137801171
0.6774096340700063, 0.05761174160317564, 0.9147351423632115, 0.5044522541105652, 0.053534167908887584
0.45320484203586775, 0.6122642550258981, 0.9701534899860853, 0.34980570599382005, 0.04294976201298932
0.9204984568564787, 0.25084806887959676, 0.1298335759353476, 0.5789949476456306, 0.03874123493249904
0.44217828425575506, 0.26850056868119515, 0.36269919294060826, 0.30920095719618007, 0.03849207434593189
0.4921118969200026, 0.4224545247353031, 0.4968591025829845, 0.24136369947756056, 0.040625143317241603
0.5070314720967649, 0.7639872822344681, 0.7796110158311665, 0.7386389898862518, 0.04585418734739529
0.3885523438722051, 0.11158299135544862, 0.1753976174560092, 0.721705436216969, 0.04683119135437862
0.09583430256327091, 0.14644303611227352, 0.2576957904949354, 0.34061290972781366, 0.03496037648661691
0.7909551949464358, 0.7482776774125754, 0.2159491363852913, 0.8911917086031466, 0.04580794014570361
0.9611213975855177, 0.24077796651744646, 0.5871304982727599, 0.19678052941151541, 0.034555316006840496
0.23536979017979262, 0.07916099888377266, 0.2615320508839093, 0.5023604049659733, 0.05321372329048208
0.31173660672409526, 0.2999141645185013, 0.031056965233500898, 0.42312993651150194, 0.0462552429571589
0.2200753011753244, 0.09083846128700593, 0.8361843543113154, 0.33453059437694743, 0.044091289656329406
0.7554237823711537, 0.7521928069117391, 0.5404856492469414, 0.4521690552660548, 0.04665417990817448
0.08023215713677871, 0.49092489552188145, 0.15288959643331304, 0.2148333086750076, 0.03171193715139722
0.44539769413332775, 0.5843129430140451, 0.8211591564383705, 0.4422322473016906, 0.04861301311685743
0.3375243733106608, 0.11992813003478937, 0.9175402741966896, 0.32059702857375216, 0.042084523237894134
0.956363227672699, 0.05487570812555366, 0.7046587567035715, 0.1568151517595282, 0.04439185878233588
0.4961149944951171, 0.12117286029132877, 0.612378047778719, 0.9836842059202182, 0.043909873667994426
0.2007011627924309, 0.3236856262352218, 0.4991184805666366, 0.219212459160957, 0.03633612122060918
0.11834540042645392, 0.6430286771790158, 0.1616092970266488, 0.7657754588588876, 0.039588861590766786
0.5044784423042266, 0.7475584197659734, 0.058791878223577954, 0.7759775794181306, 0.04481004846433235
0.9553421941301784, 0.8728318040548544, 0.028788399578197132, 0.7582371281267232, 0.049479093104467416
0.18943549197737294, 0.3919084686884345, 0.4799624429557952, 0.6891792727411682, 0.04442653649677736
0.7778945384911259, 0.801879556446321, 0.6196551455358115, 0.2578449954927972, 0.037464224526767974
0.22530626234655288, 0.17893699564208784, 0.30889109394037645, 0.8233279522913872, 0.03961718701615674
0.6490535044247207, 0.9651118982913295, 0.18804163026623777, 0.9173131385712116, 0.044574329227165616
0.845951074015432, 0.3340629229787809, 0.011005416252050022, 0.7156838478569729, 0.05049434558189241
0.6900561077803243, 0.14194533198025253, 0.6828797122354596, 0.30381592434646987, 0.04173637458819708
0.02424037904097241, 0.8712166228592403, 0.241352329810051, 0.057326792262547104, 0.061812936785637804
0.7077026021577412, 0.9869987042600442, 0.2713290131448075, 0.2519475422900165, 0.03889825262079332
0.3489605292554932, 0.24954523570674728, 0.9214724228199035, 0.014707196243438518, 0.05082265082760944
0.5586761050860455, 0.034356166897799974, 0.28985024628744194, 0.8120905441030688, 0.051047303986825894
0.5131526667363395, 0.5691601992079091, 0.8656287983548238, 0.2541543132822783, 0.038752169391032744
0.30511246428875793, 0.8750370202878979, 0.9256617373580586, 0.12197414347261054, 0.04440915326809074
0.21849753422807022, 0.4423920865180784, 0.5247275735904464, 0.6506315977298488, 0.046577497687638296
0.18587831514914688, 0.3007164011555817, 0.6317774299096964, 0.24542868609210758, 0.035148351799084994
0.46434919627624105, 0.03988056777707656, 0.09972484895687395, 0.06334009772669505, 0.05982473137863196
0.9216517986898968, 0.5963594153498625, 0.8755175834389353, 0.3412864052917225, 0.0456351062414204
0.22858306920268126, 0.012582317261661884, 0.5302963120518835, 0.8641795824717459, 0.05213791520334336
0.12756972359202562, 0.6333633081910895, 0.00995433364878142, 0.933204195977839, 0.04526009189934892
0.8535884929884251, 0.21092703348947414, 0.1845996057979223, 0.6066983823115685, 0.03928834149418682
0.1007274566722762, 0.021650652935256517, 0.22453877652958645, 0.9173291722262127, 0.05140732241384108
0.0508604342304422, 0.015604203191569889, 0.9005985716519743, 0.39677896309718036, 0.05933915048135488
0.7472182643643828, 0.1582733684641489, 0.6808336550245562, 0.9809407146782649, 0.040787896943565674
0.9766963825444945, 0.44097500687616287, 0.6631420856018114, 0.37399680084696896, 0.05012471075401301
0.7431288992761718, 0.544430507185216, 0.45116183809224075, 0.1793594325401847, 0.04031510039638631
0.2689851580812436, 0.7514366409604146, 0.13623569774056135, 0.13844865518035593, 0.03855888150851509
0.6002281512891067, 0.4735346859770139, 0.26861099647117276, 0.8840642445543214, 0.04882764262585992
0.5299016022833871, 0.8194051491242331, 0.9785709661187539, 0.23468684815199414, 0.03756776099890221
0.736020962434856, 0.5782951108217936, 0.1645919559328942, 0.12095177429132913, 0.04154641494802662
0.593844257482231, 0.761227258823472, 0.954752061571343, 0.661538638747832, 0.044339378324446156
0.5743602919152279, 0.03929250711119927, 0.11363824561009933, 0.1284764115568447, 0.04859951145119564
0.4313265789611544, 0.8452060048082102, 0.2898388268264259, 0.14126051516961863, 0.04070727600170799
0.18472118393026762, 0.6211999676933554, 0.5711735112322521, 0.4733980690498938, 0.04746615440308051
0.7344259462380804, 0.23967931859337205, 0.19377765578159195, 0.2130337047369267, 0.03203644102406389
0.7639809392299814, 0.5066021585188912, 0.32686391744875726, 0.15249879277642966, 0.04377679566906484
0.5166338372339783, 0.6093093577389722, 0.998271775765174, 0.9285154061368217, 0.044648636353855436
0.3294592842979533, 0.13648909387482921, 0.8309466781917199, 0.19695233407926785, 0.0380092104772459
0.8073189543504878, 0.8787103439804176, 0.760495362186241, 0.05351799569013387, 0.050247925472803046
0.33798694843739996, 0.3161525446008785, 0.8311776630257616, 0.15049752848856007, 0.04018722981483301
0.9444467333805222, 0.9850139368288136, 0.8167607415993404, 0.4225824682636186, 0.049897273433050775
0.3093039673231124, 0.415442422131534, 0.1401710460782014, 0.6155809330921865, 0.04842380685769853
0.140396273749579, 0.796486091462904, 0.3888636219423703, 0.44837857337635695, 0.045041923503104285
0.7680643663860164, 0.4391754128195927, 0.6070862773105492, 0.7768623790084805, 0.04696916357283824
0.21615388443622496, 0.4885782088031445, 0.018356114603462054, 0.7004375441640073, 0.0524821991279167
0.34076084623934577, 0.3854353538438618, 0.9663781744029781, 0.5013165020993419, 0.050249968870901475
0.8219855141880175, 0.17713326311675967, 0.027171950537451504, 0.4210351520984251, 0.04967494790678284
0.10417451790312575, 0.8724873045843328, 0.5723847658452514, 0.10945629598007742, 0.03849795828593694
0.5534439312582413, 0.44338041697249453, 0.7231027401446926, 0.5095675060639843, 0.051927313384725164
0.29054535167790585, 0.10122577221505838, 0.9097681785421422, 0.36607329260445176, 0.04619150662832376
0.23679772304265742, 0.0972925337529459, 0.24251009145189378, 0.6805100258786584, 0.04341593260356796
0.16622725204357747, 0.9575053379655326, 0.23579630690745915, 0.0667430403510349, 0.04761199001839691
0.9147638106333469, 0.10716359872031424, 0.11706491060293947, 0.3037625195199629, 0.03670302248429453
0.6418321745313245, 0.975981417076752, 0.35190472297988806, 0.7327014079030026, 0.043316007502450515
0.8034205401035187, 0.1284135766098314, 0.18283061165673128, 0.20960311915265076, 0.03496368441230464
0.10405370778409391, 0.8987820648409931, 0.32187260351381414, 0.15703136255096423, 0.03501834582014994
0.6977566714139821, 0.8122575854252748, 0.10899413497536578, 0.7705733819060869, 0.042952685712128326
0.6881648450270006, 0.08037156168923872, 0.6547681172295272, 0.9762109544827818, 0.047628487228335147
0.5568517329267769, 0.7502475275369495, 0.8719947543669504, 0.43747237112448295, 0.04787487783582092
0.3802148573259892, 0.8338491426229409, 0.16225639112120022, 0.9097055402678877, 0.04288389275746643
0.42901121895776756, 0.5940701989703467, 0.931261074407804, 0.9022845063146907, 0.044884239522153896
0.9742752595443875, 0.2926955134930036, 0.2977655950180769, 0.279207838977117, 0.038844807379216785
0.6102966253581584, 0.9364409950762063, 0.05042446858576657, 0.020898063515594974, 0.058007320254941167
0.9356817686844198, 0.39502779828040036, 0.6231232304099266, 0.3437972086744604, 0.04789115270970431
0.11281607364627304, 0.3134350148246816, 0.5771948493324045, 0.8275505238126263, 0.035974113892343014
0.33400844244564654, 0.16848689361078206, 0.8132977291969701, 0.2683762807263606, 0.036762112746460254
0.39357475107601814, 0.08463047472699689, 0.6584714534860714, 0.18742662626900827, 0.04104770650160774
0.9577712937660331, 0.26573064394693313, 0.11790156925111069, 0.03188869639415219, 0.050828983761380106
0.665524014343219, 0.03921212329603255, 0.753986782199645, 0.18095776611806527, 0.04322325197106982
0.36717638409261044, 0.49292298159372877, 0.5518836119219512, 0.6627141752118453, 0.0471824050665674
0.39376369990891286, 0.943244379194011, 0.7881224566373778, 0.15699972547324353, 0.04147728107432624
0.26849341377948893, 0.9276166915636285, 0.4713611600075952, 0.7224021830159104, 0.042698585217347575
0.07954264777302579, 0.6428853184073577, 0.8605326633932988, 0.7895998791794807, 0.038089980450186994
0.7842226640523655, 0.7665368122160886, 0.8615068724733258, 0.6905193494462235, 0.04441562577213282
0.5500488806100584, 0.40695509606018154, 0.37627675752074174, 0.05420517069794753, 0.055617384100651646
0.5647978533886626, 0.8084083341923041, 0.6468123609765296, 0.31656542904743484, 0.04114003291081216
0.9322979331936461, 0.8267488316265299, 0.6354753052000521, 0.6232744406605053, 0.044554152389637856
0.4794997048527738, 0.9327959069035481, 0.4957596896830745, 0.06389760254063552, 0.053062598604340885
0.16629720171918486, 0.6406715608700431, 0.2473345183894091, 0.5697308525853484, 0.04290667451215854
0.08044819274631877, 0.17667245062138184, 0.9342142125910811, 0.9657308573891384, 0.03697418356434542
0.9553696783584106, 0.052712576912242896, 0.7729875451968323, 0.4878446694068407, 0.0546043859910452
0.27778490337418427, 0.3669070958367048, 0.1588712787818768, 0.9170029552387556, 0.04382420068225638
0.8054040557309454, 0.2355252346438712, 0.3847648890540728, 0.8925493771576014, 0.03857124541732676
0.18275577289190553, 0.6898469549718265, 0.47133632306913237, 0.024334733556635114, 0.05430793834314734
0.7567337951593589, 0.17496685928334735, 0.352909730073373, 0.559864050686301, 0.04407106530347442
0.47999181771241156, 0.9867753877256181, 0.09879440071307609, 0.49233965184918627, 0.04637466291986432
0.10472734172894324, 0.8252499235518309, 0.8198332629076781, 0.3000260194520411, 0.036131605842931985
0.9365646977650086, 0.19968370640167024, 0.9140350686386255, 0.3980211606431471, 0.04398111269996583
0.2553185372360349, 0.13368568420801982, 0.5224141854063046, 0.7063833141193373, 0.040687801540820176
0.20430978497432772, 0.6548233652219086, 0.1607082495411205, 0.7240904349147419, 0.0442398994023717
0.6702114540703227, 0.6744078824290334, 0.6396458781104127, 0.1976223769673112, 0.03912907017983705
0.5075316364392247, 0.1332515705426644, 0.4033529173840455, 0.25743936803122247, 0.0354010797429512
0.23389163405422095, 0.058281033917741476, 0.5552482528414565, 0.42612210943329887, 0.05549278385064966
0.829974363550365, 0.8220900843610223, 0.6741147022589066, 0.18809154417245094, 0.03800713975746435
0.810242465023327, 0.2184946789159562, 0.12503063680207174, 0.7919658285601152, 0.03657682946372733
0.5523257260012011, 0.03238496149241075, 0.4757014191101772, 0.3864470622618231, 0.054346026899566253
0.7466568944895461, 0.8387980556427269, 0.20832026546518811, 0.9415185938205137, 0.04525869477069125
0.5482757727004035, 0.5012141824820416, 0.1795490824652117, 0.4677461459809995, 0.05220510865038644
0.3289440455572306, 0.18770605897214068, 0.45972085182214606, 0.29026214691599717, 0.037276518307778575
0.39691649207310287, 0.5228455395221859, 0.9613583763745456, 0.030706679635988422, 0.05703777931370135
0.2282381998148947, 0.7530599867265458, 0.2796432905913859, 0.9559676737959577, 0.04719756125083324
0.6318273928141382, 0.798650146732141, 0.8466583581482483, 0.6388598282462196, 0.0439250436335702
0.48183368004600924, 0.4668116793329156, 0.6152021267318346, 0.8737302675094588, 0.04775806337620115
0.6429044707125895, 0.27065998302905103, 0.6033665818011259, 0.06727290493188491, 0.042782831227500276
0.2664627335899855, 0.6155467017478471, 0.17259711057661994, 0.2735671709054817, 0.03558563376776464
0.7354084850569456, 0.3913900199307932, 0.8127131141809358, 0.5755734924643389, 0.047740597209474434
0.7354137879192437, 0.07952306997946558, 0.20676012627198945, 0.162062804914802, 0.04169575451303672
0.3177712147334059, 0.608850283677047, 0.8461160429286646, 0.7402101135728922, 0.04566142375590227
0.9585132505776772, 0.9987802852743709, 0.17437894083957012, 0.8006368953104509, 0.043479743959263906
0.7782990264451013, 0.19416304120292974, 0.863068758626877, 0.5454676381856073, 0.041917486483045316
0.7998815682659027, 0.7294307880637311, 0.45367226312160674, 0.35805013251575984, 0.045092038903478765
0.10409394943738089, 0.5827754392367585, 0.9093943382136683, 0.31773596256064246, 0.03738476434622855
0.14459631137824672, 0.8657590712437829, 0.21441695137153477, 0.9897544157911178, 0.040772196396431024
0.25497714760421725, 0.6307798133939789, 0.13386786983218468, 0.36570644360924504, 0.04068415721501733
0.3516586922695173, 0.11013938038924218, 0.22978755420051963, 0.7045214227984974, 0.04285013357511717
0.5406739926202626, 0.27841155727630545, 0.09756628490875208, 0.9216275812911059, 0.03396589777110917
0.14359024001062712, 0.46710613760379455, 0.9672369607199314, 0.14803686944514458, 0.03991791944769202
0.17284013751901067, 0.9480294170145948, 0.30995969868466544, 0.8173392181805507, 0.04333406545786287
0.8063262877416569, 0.9915913237311266, 0.03907200787176334, 0.3992200019063734, 0.04701682439339896
0.8578453456740156, 0.5461905392926981, 0.9193361643526571, 0.3135785570609872, 0.04038556922592105
0.9996573767635273, 0.23955744916153182, 0.6928065087947046, 0.8136739258897553, 0.042132938390239065
0.4839146884701618, 0.60649443675664, 0.2633112282451729, 0.3900211301796069, 0.0471997482164914
0.9406670418019251, 0.6535406172801743, 0.17947742667089506, 0.9104696030836237, 0.04317254108815347
0.006275085124608395, 0.6985183517890249, 0.4526177264368309, 0.13086349438509676, 0.053019180677005805
0.6383594911635224, 0.044796436637174065, 0.7509284590221716, 0.645510011864999, 0.04945774957385741
0.9978141290758845, 0.6900562144385249, 0.37450940409900235, 0.5365690677907701, 0.04623073064957642
0.4375860125704251, 0.38768189054452795, 0.5439072403694322, 0.22585103623025257, 0.03848379140068973
0.42895848955488164, 0.45923952934659795, 0.8589809359827221, 0.02488978930374425, 0.05911970999986651
0.6314831102393348, 0.3588245946936069, 0.08067495329522384, 0.2478482139911659, 0.03234233432441231
0.09894743945250076, 0.952016199183919, 0.23032669429313837, 0.12352256982499712, 0.03762219305357173
0.5620876041776713, 0.06111666027813749, 0.1867925978814948, 0.22919930973678374, 0.039786739313262674
0.6773987217126021, 0.6295578476768928, 0.9788620513348394, 0.9487159533129652, 0.04446760260406847
0.7597867181655321, 0.8222117440854252, 0.4067758358659479, 0.631627328830524, 0.042739495896993406
0.03319981170729091, 0.7021690669117252, 0.06053092919384881, 0.9652444448087876, 0.05009940758531556
0.10912581205055631, 0.3399755503773645, 0.9910666347839893, 0.535789819871319, 0.03736294047923219
0.4841614390326271, 0.17452244595879507, 0.5489851067425594, 0.5510988517693923, 0.042584039480040185
0.006580827104170779, 0.11463020513606816, 0.23289321889595901, 0.8251395954486372, 0.06021423361587985
0.12470320693951885, 0.635777780547603, 0.5747238824169482, 0.5205459955213693, 0.041186619124898405
0.5775863944851657, 0.8182094740196844, 0.4492737698964547, 0.7653895738551502, 0.043693750493744125
0.4545036177145466, 0.8118830662403984, 0.6816296520109439, 0.19001410384395903, 0.038187507598081455
0.9122719466742953, 0.6831758649100256, 0.6755911107996145, 0.8615778537866422, 0.04302093084966097
0.422897209185539, 0.8958972484168342, 0.5155818872660457, 0.26043377911226817, 0.03792524565247657
0.971814409823711, 0.7133304330294427, 0.7864654740192352, 0.11053841930742259, 0.046247607245442704
0.2721054333119637, 0.7362292616489745, 0.9179286728110071, 0.42841935125126573, 0.0482345463698264
0.14248305744409187, 0.1555272722384265, 0.1662487101824378, 0.3895996799314727, 0.03687437584951533
0.07219222455431946, 0.3043065057850035, 0.4106461132766984, 0.7391814484536272, 0.03696152902909052
0.9814777249089096, 0.319299875120823, 0.21288864692746898, 0.19076957768009525, 0.03557338185719697
0.16225304293153406, 0.07950138928931723, 0.18191740183991034, 0.6854180979039761, 0.04608635657025599
0.5768360351211246, 0.8223321655067946, 0.30901758666661966, 0.20749901246541383, 0.03954786183131459
0.4411007458091045, 0.8986198583851097, 0.46803278492631095, 0.798193457627798, 0.04601479054753761
0.2055051565461464, 0.12320720312476735, 0.690784287292299, 0.870170275739326, 0.04552232597044474
0.2502563973683242, 0.5906277524325221, 0.8412830442092851, 0.6335391382900116, 0.04653118515404118
0.9225423694588916, 0.6287131068386952, 0.0054004897576061675, 0.08758473310004648, 0.053181966085033096
0.6623416039864242, 0.8133662739774488, 0.39020774433172983, 0.49946214920126036, 0.047443100664580136
0.9897634046579173, 0.5063751804299563, 0.31132386537703033, 0.4275659690574246, 0.05188064457511597
0.48217000931962084, 0.26849511112078694, 0.45958786958627307, 0.8922603388402591, 0.04252530405675531
0.12810585236101926, 0.3697520587346314, 0.4489869235088167, 0.7256268332564396, 0.041430873895093784
0.07881391041899169, 0.1970799777253551, 0.8681098865878222, 0.30266824923228486, 0.03264118427356285
0.24460613372742965, 0.5342818982945559, 0.05350017625516999, 0.8570060837569196, 0.04828276560416654
0.9479167531730103, 0.8531888307218566, 0.22033002370603805, 0.12024008820560345, 0.04347098090078771
0.3902969654380161, 0.3643077740855073, 0.6571172718464314, 0.7976283321095831, 0.04732710297781259
0.9201636226113002, 0.16064931169731936, 0.45223868222812924, 0.18490451429149832, 0.03740468057435614
0.7055520755486441, 0.3788210120576225, 0.10708754308480066, 0.5872713699251502, 0.04234954309137903
0.6511680881168671, 0.581467923518474, 0.06075606997173327, 0.40147706211882567, 0.04432188693404898
0.4826699967557952, 0.35500265945126747, 0.3758815037390224, 0.6862483203725728, 0.04280316583309354
0.20122242165006615, 0.9102599296183937, 0.17423494355592653, 0.9627867391708108, 0.04717878177191091
0.8335547254780525, 0.639963234540632, 0.4758950942758073, 0.3630945577669924, 0.043530351011485016
0.4032376080834299, 0.3749234343196193, 0.6127463119500084, 0.6613186255125794, 0.04611176775115084
0.709389572699971, 0.11013601080596079, 0.6562574314672495, 0.08228527898349139, 0.04637986202174346
0.5370052724392904, 0.12944133622202897, 0.028422944473834838, 0.6452441269023816, 0.05162551803183958
0.4222223040313413, 0.13388382712218744, 0.08815873122179797, 0.05223911074898441, 0.054837970417145734
0.23675484470040195, 0.7385399260804842, 0.812522402377021, 0.7140539679211453, 0.04323577836983651
0.7455594808083551, 0.18436890341533377, 0.8913461675344113, 0.21490407358424637, 0.034027343105536276
0.4136974210659624, 0.6252829893651984, 0.30155630485073215, 0.8111252527268497, 0.04358962559663539
0.2646867676795255, 0.6181830779818197, 0.9344371036607516, 0.8393057577425067, 0.04364203701078138
0.6689281244373193, 0.5225033367097324, 0.0036350557225906066, 0.3650617554014442, 0.05169127547127614
0.025994680908456472, 0.5478919807099292, 0.5852513273102579, 0.8436352142395899, 0.05517487596349946
0.19840835046328734, 0.40839466467245883, 0.45387631159047426, 0.3037400606956663, 0.044108770170266876
0.6118876465008632, 0.27663652697355506, 0.6962352591173722, 0.16481607885713653, 0.035936201323238305
0.15789005350843874, 0.25925796501260323, 0.8592267265535117, 0.36763113706632283, 0.041156885596536484
0.4900788595991408, 0.0831241076415451, 0.5921779819617239, 0.160729860673408, 0.041186323251925845
0.8002924077380011, 0.5556778345560839, 0.8729471248359431, 0.19805128571545544, 0.03811275932992135
0.65780328818088, 0.29191739214882906, 0.8740162300119931, 0.5325099341566659, 0.04457897512901911
0.7033868817911849, 0.5158914625836598, 0.47446618901851373, 0.5715732892000535, 0.04793375443167238
0.20797957731374972, 0.9650698895668648, 0.3999448541044851, 0.4365790387827701, 0.051710087062567266
0.004527540981591505, 0.8503492704344306, 0.06792517003945585, 0.17987791585412446, 0.047686792817668654
0.15926443260712483, 0.9527311162756463, 0.017293959999026776, 0.9382781710798287, 0.04822749872028651
0.6924680046515642, 0.8757168054671155, 0.005464954913896904, 0.2030872110581021, 0.05246782416215068
0.385429963735567, 0.8668754282001372, 0.2148945543275897, 0.7813252734351539, 0.0455460795712127
0.8521081167629069, 0.28932129460463896, 0.584138171757875, 0.8225646984346241, 0.044149452269574
0.5014441821211053, 0.12028216899635952, 0.9993955174805598, 0.8764415290207057, 0.04428894973033611
0.09904887888261378, 0.09114911811989374, 0.0356209505166788, 0.4437842035393969, 0.0532965126723463
0.9637425339249276, 0.09372644475019909, 0.9374701961511822, 0.4481999003779458, 0.0507975079322373
0.17967834158795445, 0.18387541827204526, 0.8997236392420628, 0.5119655852812566, 0.03982470615430303
0.6839521937979182, 0.47800715063782717, 0.0881620392969654, 0.545593441397826, 0.04770218494063714
0.8579241623977198, 0.5562171923601873, 0.3505038541621935, 0.7976056538830859, 0.04461018830470238
0.7106210681787484, 0.29974012209934975, 0.5794024360746228, 0.8498242570103453, 0.04098198420068994
0.7177837754061204, 0.7277450372373717, 0.5846647355177459, 0.43827627042692446, 0.04859675074142871
0.13205954157801328, 0.8334185229918734, 0.24384340436310395, 0.4262562749700636, 0.04354189438815624
0.2988035306173853, 0.1399513374927157, 0.4801321505363178, 0.38260363959432014, 0.04529501465207749
0.6510041132605788, 0.8244344506849067, 0.28024161227103617, 0.06501910367694202, 0.05011482241997048
0.2257871974552211, 0.026370109908015728, 0.046439046475807884, 0.039814135391099244, 0.06150903639567886
0.38170065616755644, 0.9341908074778428, 0.6157331607855513, 0.756211694548404, 0.04341117521792924
0.05443046480372778, 0.8824290761843934, 0.9398813303330124, 0.30923897246565923, 0.040697804749066833
0.12292154399701084, 0.935644803800256, 0.11460079078166117, 0.12208131254619792, 0.036206505821471634
0.3270309798799439, 0.444418517212948, 0.14901578081905442, 0.35408906778277816, 0.04676260251579814
0.5801339818223508, 0.008469912814961303, 0.22461078084612307, 0.35705907322810654, 0.05300428831180489
0.4839536511251355, 0.6110034096874185, 0.65862812131107, 0.9787054231765099, 0.04552068956038944
0.9338303378895284, 0.575492215558022, 0.08763709701631958, 0.01846160162550107, 0.05833036981763033
0.35830557594834217, 0.8249629173991144, 0.6260552578865243, 0.5610546879559302, 0.0466694077449335
0.5228274361478806, 0.46595742741955093, 0.17441691854988217, 0.22557165569228535, 0.03866435575525512
0.7417721955947993, 0.8134520196671571, 0.15036172886115537, 0.37186760167745625, 0.04517155481844043
0.3909223912969649, 0.28427073772271944, 0.655496044134059, 0.7856088343530212, 0.04220648754874852
0.7994639094292162, 0.4280885806854947, 0.8608380391028324, 0.6278767789886708, 0.046876430075077795
0.8338746418712241, 0.4679507301406688, 0.37204683963132756, 0.32759512811550523, 0.04563522332234669
0.603035204526363, 0.17262733319914045, 0.909766751292308, 0.44569592678863557, 0.04446292038204475
0.9625343261749966, 0.6993185584359379, 0.7980257458193885, 0.7159080011260782, 0.044004731149683944
0.18929396571194715, 0.7940040632902122, 0.7044123043958674, 0.403819941121681, 0.05088385786589724
0.9893761504606893, 0.5290225738297666, 0.5184357758236326, 0.18914352328702289, 0.03983253767565149
0.9470136399641871, 0.9082465003396437, 0.8106312088567331, 0.2825366157802244, 0.03827255303918197
0.1775803419925056, 0.9055132408652178, 0.4792558310787714, 0.7613665181929976, 0.044780292637670624
0.2727772961928416, 0.9113034406138807, 0.3662621895144217, 0.24264316500173355, 0.03808701859307754
0.16955960943467474, 0.4766285424239571, 0.14199418771912628, 0.34187639808763415, 0.04500467408512189
0.9103832499665585, 0.7392169071814624, 0.8962332149088796, 0.06883422021052789, 0.04951143758517599
0.16266553802706996, 0.830650493601365, 0.8550841148449371, 0.1332246616618146, 0.04002746730261165
0.887933678187935, 0.0025929669660103485, 0.11389934201732009, 0.6888776285944944, 0.05080941651913415
0.3130329836795206, 0.19702835687910147, 0.713259333451619, 0.3477530297967188, 0.039761463906301024
0.3687003614667046, 0.5980680863300445, 0.6156345257645323, 0.4610444773874848, 0.049011615295625026
0.9268960375241394, 0.753810578702065, 0.07051455031102855, 0.7223093041680552, 0.04432447409138519
0.7715249276923369, 0.8756526630859995, 0.5147423774476905, 0.25146589986093115, 0.038535638202891895
0.7608307512682585, 0.6486342988470519, 0.8838952806557805, 0.5827460887441942, 0.04511773193677897
0.4964934908992136, 0.2444314512452624, 0.2302103694196221, 0.772734483027175, 0.04280220606965223
0.4822950716984324, 0.41032044988531474, 0.2765764461934796, 0.6379843672177802, 0.04700103904766473
0.41185377594014677, 0.6689113735282518, 0.6191625167549002, 0.8794786704614169, 0.04454621707798732
0.08648303253085833, 0.1688988326286112, 0.5268340136081012, 0.9902777073265631, 0.036964848575332825
0.5616253599796837, 0.033832438067849094, 0.0036342222278739895, 0.28190291154629393, 0.04867797956158704
0.964631242349932, 0.05785479693202353, 0.39104064419524565, 0.34890345189625604, 0.04945346055382932
0.8864548052656537, 0.29698833731885216, 0.10727842341977512, 0.8841677074061876, 0.03762520250746807
0.3300997274758374, 0.9030861769749754, 0.5570053477981994, 0.07911389425282694, 0.04866844408404353
0.7340393500807407, 0.5320941283840905, 0.37899060990848576, 0.26902181420422033, 0.04058613357045589
0.7158756003963259, 0.9405555907589087, 0.8433596941888265, 0.9906959453656853, 0.04510227323314336
0.9458461059945439, 0.29131635877836887, 0.958311699654387, 0.6327644490354187, 0.04412381382796034
0.32008623576288003, 0.13743093845814935, 0.24263601691457715, 0.29627213952058484, 0.03744099675666587
0.6588313976848414, 0.03522343868324812, 0.9216806257856153, 0.10539512206544847, 0.051443747021624193
0.022013517218808475, 0.5091565087977947, 0.5620724129415113, 0.2913410069216602, 0.04698269792235947
0.656013926837672, 0.1717375027243981, 0.6036683474339518, 0.46346082645805, 0.04364824981874113
0.16047607145518172, 0.6522273268454687, 0.430432130917737, 0.3333972001149782, 0.042085981696202736
0.03525249930934883, 0.5942523635832552, 0.4972088428930855, 0.7198174858176256, 0.04650863817721874
0.5680094430787769, 0.6559843512424629, 0.6597667342061005, 0.8950951617898514, 0.04150845509564635
0.6446120360206089, 0.4568046962730762, 0.9980545012149672, 0.6164929912254581, 0.04733685770411776
0.3570356270547627, 0.5271670382571743, 0.6837358457556623, 0.17169365563569378, 0.04178396266880983
0.9688830111791826, 0.764352546587856, 0.485650342987437, 0.017600842097546025, 0.055931900600892384
0.8723823381553815, 0.4314212476277601, 0.860670897094066, 0.6546074238831165, 0.04693323596042255
0.9761038217993975, 0.6825537490074934, 0.8604438287336201, 0.12431655810475378, 0.04113476511419582
0.3758840735170225, 0.7385878212202058, 0.8822520238114298, 0.24566172719303725, 0.03806591730043706
0.1919063409341174, 0.10927432592497821, 0.5687172776446657, 0.9803540791253892, 0.041334080814635965
0.8503066086215508, 0.5910586332475912, 0.8229778664402528, 0.5505350293753901, 0.04848368038306569
0.9042929092033511, 0.7295110301803587, 0.12683448986473925, 0.9474048974427849, 0.0402865047741586
0.7110472107524, 0.2809843014240404, 0.43890796110872476, 0.6048464078446697, 0.0409962305290584
0.8432938856230061, 0.17555400384883074, 0.4619019818051084, 0.04232887152070448, 0.04849657301916087
0.47406544829245817, 0.7775691614349849, 0.8658334245440507, 0.20139483900601882, 0.03742994231953338
0.9812453164642752, 0.583333183967563, 0.29208849321321656, 0.20012775581407563, 0.0393076961810394
0.5835828883990019, 0.7923570918140164, 0.9001010524560038, 0.8539907642742705, 0.045790500282229384
0.8813327205189965, 0.73364861761422, 0.1886812285527059, 0.9223799834738672, 0.04281229964968771
0.8079381913417953, 0.00464833217073018, 0.26486400729390974, 0.3266974693805224, 0.049597200612981535
0.42916960522499664, 0.28850549790029856, 0.8941214121687397, 0.033417268707314395, 0.05046077156351807
0.4914916556685302, 0.9062778065706829, 0.8711959134955642, 0.4144001203792696, 0.04921757083979495
0.6153846813039908, 0.5417638141652634, 0.47241589562559433, 0.0871349323485914, 0.05072726686024172
0.4774067767042995, 0.8842630524035886, 0.5115776068690636, 0.5984254981489604, 0.04467895243370911
0.1422247054638144, 0.5067781814197899, 0.4687955664608958, 0.6132871887663174, 0.04296106275699043
0.6701473057508979, 0.942757206833551, 0.586029514670409, 0.543797398409244, 0.046252900916522496
0.41083424725758527, 0.1654549512153067, 0.7941724131302937, 0.7080444908481646, 0.04254881882401329
0.586974704591827, 0.8623477587489506, 0.5989214296718063, 0.26933334651523866, 0.04019562959169935
0.33866559404734203, 0.48863638466391174, 0.8942678806315927, 0.7939157686365559, 0.04798277123857112
0.6924122176672453, 0.6690460702507061, 0.8219461505873451, 0.6109375649882482, 0.04472968586638767
0.6189177314976385, 0.9890081540954534, 0.17056470455371667, 0.40651921860063384, 0.04832894927568988
0.9777546900338463, 0.870372683102281, 0.25408522101822856, 0.4772553103101994, 0.051024142571137354
0.9926421912015588, 0.9262994967078195, 0.34691353162036215, 0.38249689408362164, 0.047333006861595715
0.6865688740063951, 0.9147976405301744, 0.3767497153594935, 0.31428132053535257, 0.04211586541468966
0.8154651434753296, 0.9805415640664767, 0.17768783637331875, 0.01094044738786752, 0.056818367242835004
0.4610098547323252, 0.35563018234450156, 0.9459273081056447, 0.5808926634972134, 0.04493396295366949
0.22916052309116344, 0.1485809300017278, 0.5342865554414494, 0.2796835346421316, 0.036174091545802825
0.2668053611043276, 0.4535422649380074, 0.581994266714016, 0.7192130364583478, 0.047510088429862075
0.3856871029908789, 0.7564698750487371, 0.898898418422022, 0.2831295530661835, 0.039629177777019325
0.4673944337016763, 0.6436701759573537, 0.0981651387769308, 0.6866865661277879, 0.04219095953980946
0.6359001772378854, 0.6804839113606511, 0.931155427642684, 0.06313236082632359, 0.05057840990576266
0.5712474733557261, 0.756102934841431, 0.3753755786460205, 0.11785280326884458, 0.04546601795207462
0.6130741456565372, 0.464260063100465, 0.46031413407092986, 0.0738662095434907, 0.05287828967458229
0.5934731124690152, 0.6526536644388998, 0.5016401229135878, 0.8337326935162782, 0.04304881001205358
0.09425643115681714, 0.4523359455824954, 0.12020435554862109, 0.06301708244023212, 0.046370801301599776
0.08815579218521676, 0.7137855619106405, 0.7656013470946883, 0.40715855605494566, 0.04056763725376955
0.7178342351134966, 0.5394598907222045, 0.8671421122197649, 0.6514774179542019, 0.046267230716139425
0.9362528289828673, 0.28859685903786797, 0.49357750829480923, 0.46725946350938996, 0.04480405806084044
0.08759723935875946, 0.6001508908266946, 0.34998343646635327, 0.5009170591708026, 0.045170305998306313
0.9949747667133952, 0.02407811746056759, 0.8364623055053124, 0.662268439637732, 0.050750554312387654
0.46728881703629327, 0.04824532055302945, 0.09858225453880692, 0.11359873222014082, 0.05156767662374677
0.22765333718356232, 0.11334061556144961, 0.5497848637851851, 0.2508790766616061, 0.037200184415455986
0.4464262090167142, 0.725184666293821, 0.8842953724046232, 0.871732619311519, 0.0442057534283331
0.795123637884597, 0.9365904147376655, 0.20658070170472378, 0.7247275232338424, 0.044255778108254706
0.5800291420074736, 0.42212716172072623, 0.5784125791352932, 0.2579957438636211, 0.04106135904586171
0.6454462194479705, 0.6194364161626009, 0.8015750337696349, 0.8194616128594752, 0.044334824143087245
0.19051650656129587, 0.04942474092940464, 0.585155003467819, 0.5032793057533191, 0.051797810626137794
0.9201327279627014, 0.6970609268440541, 0.4113031070345785, 0.7727410285173666, 0.04435149922206868
0.12138515849130747, 0.9727626086277891, 0.7655841378695618, 0.4916086726833396, 0.04148416740321561
0.852523970705366, 0.6328176638097297, 0.0034178481984175222, 0.9029886635794122, 0.05263571182241838
0.64062350656067, 0.3550790705451298, 0.7510957013848042, 0.06726130384077716, 0.051384191185848034
0.9178975940441261, 0.6996806401935364, 0.7575258859332693, 0.66993668568373, 0.044621024632409696
0.8808542419428568, 0.32220184153053877, 0.8736673483255202, 0.2145797171897887, 0.03940657912898562
0.5246053413403216, 0.8987112069280644, 0.3721104175408383, 0.7912807774849115, 0.04375277620389855
0.028926722560727206, 0.18995222606639192, 0.9851853970156488, 0.8550436930160636, 0.05280528753244304
0.6781075648318704, 0.19334436341727598, 0.4405703943669723, 0.11515039460546385, 0.04097900729253113
0.49701447890436606, 0.0935148310685206, 0.2670359206437033, 0.6488325699173321, 0.046419526720024196
0.361519740501975, 0.5614718369608609, 0.6522102323660899, 0.5670323418230022, 0.04878462863209108
0.4107122440274975, 0.8896830775244144, 0.9771311099840432, 0.5023018992284721, 0.04934667976166436
0.8364057503889322, 0.9298863944959378, 0.8473091305206287, 0.9592730682534147, 0.04728560106798208
0.40881383735324356, 0.06521679736387416, 0.8359088429895085, 0.8149018211792834, 0.04944445918761706
0.9629284055528813, 0.6507294767756808, 0.2308680307966734, 0.2631931643817026, 0.03808200202563509
0.5408798371564761, 0.09485110467864395, 0.03101804880557242, 0.22028254510649029, 0.05192486121742328
0.7996528618199576, 0.7199270774816449, 0.36606894460130035, 0.013528123985190458, 0.05555738286546145
0.7821246915333785, 0.2373160847800991, 0.9412489458276965, 0.5794396276600114, 0.04112240744552407
0.044390435375017086, 0.6090290397644131, 0.8274632725148122, 0.39144877192556626, 0.04843432895056663
0.2692717404752473, 0.4405611529058106, 0.8629292359452524, 0.8448644242028404, 0.04856505494376691
0.40811782254335294, 0.2567988365434743, 0.518425085809573, 0.3355161730935267, 0.03777768270505327
0.24869437931631364, 0.36632251240231123, 0.2967585620223923, 0.03239925578787795, 0.058061161518872195
0.6119340543922744, 0.26007540007644914, 0.34984170643556534, 0.8062379834581954, 0.04343424015762129
0.6322631440460519, 0.7372969004487928, 0.5433524586490079, 0.21404054705268297, 0.03519861758648835
0.6095987725580507, 0.14827953038607591, 0.8000571031233389, 0.8887664273653733, 0.04188734640189015
0.1720050219169384, 0.6329725585479504, 0.4638979298688319, 0.30825844395126983, 0.04003638721003001
0.061503906891493355, 0.6204827001560961, 0.957324804358128, 0.33805718970236875, 0.04028328431805294
0.8332518709094532, 0.45509716234421305, 0.09016699603770607, 0.4948088271858346, 0.04932391132588155
0.8255491027792727, 0.6975947876634997, 0.43624061913941803, 0.7433635498746959, 0.04449708135397395
0.867795968855214, 0.012363027071563297, 0.11271951718180807, 0.846853005574099, 0.051646008276757166
0.5618217632773433, 0.4234998420215901, 0.8303566289846409, 0.788946089463109, 0.04769750444302101
0.6129427331596724, 0.9166461379679949, 0.7232821255983515, 0.5337382002778931, 0.04659446700934072
0.040323608269335585, 0.5218595567908401, 0.5819627510306783, 0.7589913957773742, 0.04813397716113204
0.8994474545974209, 0.0702482836436524, 0.19554040270410095, 0.7245607193209758, 0.04745860456958802
0.9718120584485667, 0.5777320275917851, 0.18035907363209705, 0.542902916977988, 0.048343429770902294
0.3669865514444609, 0.6429587913293655, 0.328355316950957, 0.9581337392850138, 0.043748330762247364
0.3753370542459094, 0.8698738402165525, 0.6223077630611348, 0.9761150812762274, 0.0443350141496807
0.355446409812417, 0.5459032804067054, 0.7660952052804223, 0.38844128078014706, 0.048443491598240025
0.6910298305387116, 0.4824818994639331, 0.8881171733162145, 0.7334756721520893, 0.045728737973607485
0.017688026146420167, 0.31759718861217534, 0.17207551754779382, 0.7941338424122035, 0.05080680874991637
0.40418511439764815, 0.7861061220125265, 0.65180915369203, 0.8556645130030092, 0.0468704593887598
0.4326147255242409, 0.07279509209834294, 0.05278978097470839, 0.2078657619026173, 0.04834178515682216
0.6764590273889323, 0.17335572771826932, 0.5978235125716768, 0.8658195153754669, 0.04008631682808432
0.05238509380102248, 0.8210753901297845, 0.047455460664547824, 0.14148395693557198, 0.050465635238226
0.13444555924597215, 0.7134272874394781, 0.4561464810567502, 0.9807032039415108, 0.038311506480084134
0.12069372683395828, 0.07093755632188721, 0.18504088005261787, 0.32987634319661163, 0.04178216077732352
0.8107317185783107, 0.4894042831482096, 0.43368469284341304, 0.750498820632457, 0.04694597512836769
0.8689330820315239, 0.3406761303632267, 0.7805215011019322, 0.5856437313353952, 0.04412791295432043
0.3534728809196117, 0.051902397717244836, 0.26097942058957335, 0.574376168213355, 0.05178242243630127
0.7576420673545518, 0.3327504508529114, 0.9812634470344483, 0.7268418608265179, 0.04436293658854511
0.9427240086356378, 0.8614033824725473, 0.20054956310226985, 0.8364316961440724, 0.04664416628568577
0.040174009028685065, 0.04485384924591515, 0.4670549620824517, 0.9550376579171336, 0.05749664911608157
0.4439368616456962, 0.7786525398607006, 0.08713977121064455, 0.7391679472441461, 0.042487608225154745
0.8416982499532395, 0.33169745152724217, 0.721011523856018, 0.5194193465565042, 0.04733877631566545
0.8919407080688366, 0.7710955610603782, 0.8740744033272368, 0.3480472039926996, 0.04730618056295771
0.6488970643857697, 0.8772759712251292, 0.45655102008698584, 0.5384564284318631, 0.04747577168308229
0.3347015968305559, 0.9248810679782906, 0.473262786797023, 0.38755036578361846, 0.04625926299347665
0.4037711900123208, 0.09933349336551563, 0.5429949964718321, 0.4396505797272643, 0.04995737588176911
0.5914676801537532, 0.7674520343090184, 0.6148086715500407, 0.7695051594766598, 0.0462385161498399
0.5422329396826663, 0.46326448038051965, 0.18665439253007418, 0.4666815709880921, 0.05389253935770069
0.21653818446864243, 0.5261329009368798, 0.9294263548231357, 0.11634336491998272, 0.0473776709577754
0.04081007375037394, 0.5874076541853083, 0.08788197263631486, 0.7447827410753489, 0.04151552102903797
0.7290607108230762, 0.29420696159643434, 0.5691442430958203, 0.7782743748525317, 0.03929287102883906
0.4125080446626446, 0.5603620593652867, 0.6605847881574245, 0.13271663264902794, 0.043924526508077925
0.22835773419475863, 0.29294662128882765, 0.03978699112563071, 0.5062325307508714, 0.04767058769735556
0.2195940884559616, 0.4661007773936131, 0.5621921655429334, 0.3446364648513277, 0.04780668087549076
0.4365115663423063, 0.33800582355830433, 0.03838777175731436, 0.5926118700859103, 0.044844756802471096
0.04252226245406922, 0.40827261324028463, 0.8608741327278875, 0.41999890092954595, 0.0521103961389971
0.024940333543988037, 0.050931694817951005, 0.9087136160985808, 0.6450929412386762, 0.05684903061883023
0.5630050252450612, 0.6139758407949831, 0.31289168939169315, 0.84181196364365, 0.043550541961488276
0.3975904499774105, 0.08244387007500492, 0.2691412408277646, 0.06135851444343615, 0.05520792899895492
0.023922183963680958, 0.4277257513005934, 0.1590510422292583, 0.48397212542740925, 0.05483264534387013
0.02127934422749034, 0.4969528692073123, 0.6245029674735847, 0.6448340892954012, 0.05168556880157217
0.5215244174841814, 0.7338022922064407, 0.952134885732191, 0.049487587888342344, 0.05189023978020263
0.9993930593270212, 0.10010724420289505, 0.10875926087926212, 0.8077104382048813, 0.04282813058250078
0.9848019089391867, 0.3793958798211395, 0.3844241490860275, 0.19115283894140855, 0.04024128583104469
0.18331346367123139, 0.21825969538227855, 0.24072933913127378, 0.07695421286988902, 0.04283057384694363
0.6007630029893429, 0.40845858471610924, 0.012529430504643634, 0.8856703941745883, 0.051417104966378815
0.8789072065600447, 0.6756341144123439, 0.38919240147705625, 0.7590070961970858, 0.04418538625406547
0.005690537416460579, 0.024783469404048377, 0.18889075228458438, 0.4075691656138779, 0.06033228185012255
0.25862650399334663, 0.4840291733220264, 0.19219631550091495, 0.5569470853126011, 0.052856037776756126
0.8713708070068741, 0.32437938891081247, 0.5928774656549683, 0.823743994125479, 0.04625801594105451
0.13127084898155447, 0.005438855057560409, 0.7071391517435202, 0.18920120432709464, 0.04361394472907288
0.6650131507219581, 0.7919296782658788, 0.594336163705154, 0.618368940436916, 0.042814386801693305
0.7352751629166753, 0.2921076300444714, 0.5725237645626589, 0.11436622034202028, 0.042335363824420796
0.22948503319729371, 0.6316915281786144, 0.3316381182599356, 0.5958170667561508, 0.045490220263309525
0.25868513180300806, 0.545712023234255, 0.834736955922018, 0.6847652351735718, 0.04607096085690333
0.7396772699108347, 0.433681664748468, 0.12595433928329178, 0.7519381339938012, 0.04429392346124843
0.7238578940641983, 0.14247708042530347, 0.035225187739879774, 0.7642680941701715, 0.04932611250083154
0.7299664925513158, 0.7510201284518999, 0.8860280379472747, 0.1186920681756932, 0.04222580909998653
0.197026698290373, 0.5568501937500329, 0.6782269587034677, 0.971051506042238, 0.044545997692557585
0.8802793196474749, 0.4142604247402734, 0.8874547458430473, 0.7665679947024383, 0.0485047791842623
0.15273938943878462, 0.8508186122233421, 0.8433838164078163, 0.3425477499201896, 0.042875018778354944
0.6004047383019592, 0.5456629308138524, 0.5533636713723863, 0.940509467295838, 0.0446757619927757
0.21412889625962017, 0.5370162162968848, 0.7626490438252722, 0.4096505923929758, 0.05193323476146129
0.8172157039065279, 0.2195192480407321, 0.13003853657968734, 0.5821426913227598, 0.03747800298465188
0.877873364097953, 0.6210537235259886, 0.649723311624492, 0.6574970171296619, 0.04641286624953139
0.40953213306788705, 0.31043856336996806, 0.22111317201352432, 0.3084494976233654, 0.03973265530024647
0.8665424716703655, 0.7440214892538531, 0.667529109831849, 0.10841244663226757, 0.046616304250319665
0.5559493407608764, 0.23492677872934992, 0.3443091932176339, 0.2793592177566491, 0.03705899411388818
0.7986629296781858, 0.3911974411471234, 0.4222288596866345, 0.9682917135820148, 0.04805090142652558
0.39733800273790926, 0.8800620670570908, 0.8845743729522413, 0.08834583036456063, 0.04774654351804517
0.9346263779137505, 0.040563399976242316, 0.7018074609049488, 0.8615187421841626, 0.050547688613331115
0.36983192404036247, 0.7426456282471205, 0.3750495733493072, 0.8769314384501213, 0.04629424574191221
0.42606195814737985, 0.5790730569146652, 0.5344575855250762, 0.5211451095439832, 0.04718412240024776
0.006705376061956796, 0.1458059371955089, 0.9475112078547571, 0.6449760580264013, 0.05876312972215019
0.05425921710043195, 0.6667532891675608, 0.14003325248863938, 0.03721971654321233, 0.054454836683313954
0.4144651078165989, 0.5520010274956326, 0.6773886560255175, 0.8254848383107058, 0.045507296197263396
0.4547389420050944, 0.12887411603477653, 0.6875592889160755, 0.5171999242194244, 0.04719668738654767
0.02725753768096935, 0.300671720711972, 0.8339518926520527, 0.35237198691768656, 0.04627400867636235
0.026773875798385516, 0.3699596543605713, 0.10801848650197415, 0.7548663943206892, 0.046739144244435434
0.16001720829698216, 0.1500640162265289, 0.2197563944166647, 0.6432944983585115, 0.036103825532663704
0.8207744158526059, 0.6075876332744776, 0.7483782291062413, 0.24738384260458343, 0.036909893610986545
0.2546927672273876, 0.20165582129190537, 0.619174388248124, 0.6841679924306396, 0.038687803526343746
0.8586574959265376, 0.4643146738670667, 0.6378226601370496, 0.6910168911929196, 0.0473208172975792
0.19138536237113088, 0.03265926803045715, 0.4767143708365139, 0.04102536861940195, 0.06111619292801003
0.37759191148901444, 0.7435738388410382, 0.9921536038951405, 0.926192404773705, 0.043736855826386485
0.8602691193760128, 0.339225734041357, 0.6853728970627141, 0.8011195637791478, 0.04351330708832991
0.803898953391303, 0.7575308930037978, 0.8892244007688004, 0.050863754943600785, 0.05321000295898455
0.008470570363206755, 0.16295534786532187, 0.9811886411378413, 0.006332439483337118, 0.08156293336720796
0.03452811984717076, 0.07780793918739808, 0.33346758105267754, 0.3643801980203, 0.06239550805018432
0.2088698668124037, 0.6771631377579516, 0.40114155783110805, 0.26083859283994754, 0.0397880444971657
0.9244838099415361, 0.5462995262668802, 0.19556547528357776, 0.4488204382601114, 0.05155877741339137
0.7210077696683248, 0.6790774795557681, 0.7660717383663314, 0.46771227392285375, 0.047816464702752914
0.7209018996445304, 0.2595124471315777, 0.8770694794811742, 0.7104730255465093, 0.0402693165177609
0.9746285441670584, 0.02998512356519359, 0.08812632962423804, 0.4310978242331023, 0.056267604218160266
0.22619597937377797, 0.5379337000913502, 0.29521461090555645, 0.8654329164547326, 0.04881247677638342
0.15631678378453484, 0.6839018298431399, 0.8718717358901786, 0.44398467785317647, 0.0453557896800929
0.6734643360410051, 0.8848891343860736, 0.3661580306076628, 0.9840658126216146, 0.045627110374624615
0.6692625771449805, 0.8709173376276129, 0.9155715019755823, 0.39462510735259376, 0.04887031421650096
0.5211614125103506, 0.9152589875032326, 0.9437408133623556, 0.26869090451713173, 0.03794836528801748
0.9867282934891207, 0.25942509133947456, 0.07664483652879019, 0.8068381629522214, 0.036932048506790535
0.14185555159673174, 0.9270267553611987, 0.5032172201248889, 0.07543723008596882, 0.04439286251603977
0.7305970780630233, 0.8276859584929335, 0.9172372712164989, 0.6208843556646729, 0.04331563078183888
0.8356264996558793, 0.48055613882821, 0.6204451464913553, 0.11898251342008702, 0.04633985833650451
0.9459573213363898, 0.6615732629532238, 0.873671898219148, 0.8363302294712285, 0.04346011160782985
0.7123797031780862, 0.09030569624446327, 0.9441154610139164, 0.8185201415255712, 0.046135032173059656
0.3575563288771005, 0.26249725394597445, 0.7935670758062323, 0.3919889300069087, 0.04336862828867739
0.3289237415403922, 0.5567470923710479, 0.2707410418798019, 0.9236665552767295, 0.04562555943096146
0.9010584632902804, 0.4810856693074965, 0.9275878734188702, 0.2619524625010201, 0.04057821448940429
0.06237255817752591, 0.26081526295639756, 0.12249812118031421, 0.6826110295579494, 0.0367119285531877
0.17316132616214808, 0.05521932364226305, 0.7280320439519524, 0.22867396725158412, 0.04020716383646181
0.7112013368267928, 0.6418338628193131, 0.4102571303039412, 0.9338974172400556, 0.04444636610169646
0.07417495589969744, 0.5020327496571825, 0.8504423689020346, 0.7176002956355247, 0.04080160443024766
0.8448887003035601, 0.9850405426245251, 0.41931169408863356, 0.7340576859793344, 0.043777302270362084
0.9032031325424908, 0.41423130033426864, 0.13050716370213628, 0.4645070466185645, 0.0498142447694326
0.5288304126030333, 0.1902856997928076, 0.009146566659753665, 0.13711645015113744, 0.0543724948041364
0.9585129855179492, 0.5353787054341206, 0.48976086897926874, 0.43376583776420247, 0.05056632450355743
0.5109470641406474, 0.8760447903144453, 0.5521560695809051, 0.8453279623843492, 0.04608554768575104
0.8228876578012866, 0.8668872713634148, 0.8634722245685907, 0.3109484475476341, 0.04154323653970915
0.5698747190375572, 0.19845406714077238, 0.19454471768532589, 0.4281082638428569, 0.0424945286260102
0.5102032899899339, 0.44097801409556747, 0.12028215284015119, 0.5913052929187917, 0.044487472921039016
0.3511253242485218, 0.9779816114216167, 0.6916802763626433, 0.037479948672050185, 0.05417239400539375
0.06562309732677357, 0.5205807169768615, 0.9411983903678667, 0.374159642046383, 0.04452610015513455
0.13818199247674876, 0.7648499793567415, 0.046911373190522763, 0.6346466812871419, 0.040798977537618714
0.4823176636598729, 0.12192633322358484, 0.8539783195012053, 0.9470542444401566, 0.04462496421643878
0.10805565953249045, 0.7736888405469905, 0.23947769223961457, 0.2733531914772613, 0.03391357159742847
0.20352360653583776, 0.9770677866357269, 0.6229300270833484, 0.1991486494629215, 0.03805060894230421
0.2578409618232192, 0.5262122121642033, 0.9025521367990835, 0.6306038696836989, 0.048499104762503964
0.25558749681456217, 0.24025222850654418, 0.6842909914969657, 0.6121745763447899, 0.04115323502372819
0.38325967513158554, 0.41972970600643733, 0.5151539051996816, 0.267338565338348, 0.04057878893812437
0.7033486148843455, 0.3648767264357391, 0.004186391205531432, 0.20309768422219376, 0.05271287130300251
0.7101512852597415, 0.18057915977072, 0.8417487924441752, 0.7984012577681802, 0.039394352840126406
0.40577176272659693, 0.7970591626762955, 0.5373675788431909, 0.9418030462211133, 0.04429848717302912
0.9230396421398369, 0.4793348498932896, 0.309507403436108, 0.2773249364859399, 0.042127014985227806
0.6343926711988328, 0.04093099781094564, 0.13353638670627704, 0.0343337432002129, 0.06250913660046514
0.8701057540034042, 0.6641458169011064, 0.8853832330486828, 0.6980278757480056, 0.04620042217660464
0.060417334844667304, 0.09670029418560146, 0.6756999398868483, 0.11960430975773738, 0.05127080818478783
0.3555893508439785, 0.8894738338235514, 0.6942215554402591, 0.4543489484992923, 0.04993563669911297
0.553031381113271, 0.3050682081169393, 0.21404300015455163, 0.5076209309468251, 0.046918738007739685
0.8302147666552624, 0.4987787874899178, 0.8074965580131951, 0.8051488375320497, 0.04691972321514491
0.7530907205065879, 0.964957362284899, 0.8517198379937693, 0.19860297812174008, 0.037096515659788554
0.3255683904484339, 0.4053635703081473, 0.26585996202593487, 0.6150573340583053, 0.049307339225727866
0.05922890437601367, 0.08467314819148349, 0.251558263868959, 0.8356739341515798, 0.05377813889263313
0.8404624263403576, 0.8358212890332833, 0.9870361621565331, 0.04980350354382323, 0.053142463653115736
0.7277560915146579, 0.9651800770578067, 0.6781910424535152, 0.09237210065004557, 0.045324116141182216
0.3693272654140633, 0.11803535488544276, 0.27572262265862385, 0.14421209891607378, 0.039268319111343694
0.45182960382627113, 0.06763347170476078, 0.12214958264950189, 0.9995857310949411, 0.04573101199476886
0.1881288229183521, 0.9508518817015821, 0.5066365783374444, 0.06057983208267067, 0.05011163795049442
0.32507786172448094, 0.9892174811243712, 0.4592235851889653, 0.9638967894079822, 0.045327238708389145
0.17775221893167692, 0.01103687697785805, 0.4297836135760307, 0.48973812397864636, 0.05531278025202241
0.26571602935634464, 0.39459420412988544, 0.5589098401489623, 0.28543334875439735, 0.04254313922687378
0.8561613733723393, 0.44011167949467966, 0.6623611934986332, 0.49999577051132105, 0.05213976698874721
0.3575278108189148, 0.09068224579310222, 0.9821326548442435, 0.1798657456429598, 0.041292738399927774
0.020739201940341734, 0.8872809365543948, 0.5711642253156459, 0.4457735796233335, 0.06030629871011936
0.16237824260899644, 0.6607904794199841, 0.8579280409741376, 0.7089399121590589, 0.04378889539626688
0.8879163001734977, 0.5619670023520393, 0.8170803332559535, 0.8534555480589165, 0.04428177046636207
0.6909464388730869, 0.2605667038213458, 0.43662731306323094, 0.38883383155260604, 0.04405003267717516
0.7484090292284279, 0.0693666691655847, 0.5667841864998967, 0.3209207575730484, 0.04555180149784755
0.6202481890535796, 0.4547463808953408, 0.8833319881615567, 0.48373118262893683, 0.052975078888646304
0.5841202570730317, 0.03399625594768511, 0.8625410958373879, 0.704148382026874, 0.0499934388944096
0.7926236768821853, 0.3076624500323221, 0.4923860801705873, 0.49587797167532427, 0.04473388782924871
0.14204790563746714, 0.923478616063322, 0.6692472427672521, 0.847002059658802, 0.04049342633457985
0.05507518989437579, 0.3526345132269245, 0.2489806651721424, 0.23206073624904153, 0.034783584237572135
0.1291527555375053, 0.7630381181070838, 0.6459902962984269, 0.3628066253210796, 0.04281140053710205
0.13615926224620953, 0.2660726051678942, 0.418077762537059, 0.33678349136061486, 0.03795709491318563
0.18964776902079516, 0.11494670372151589, 0.7838661592192363, 0.8584015026580325, 0.0444169530110689
0.46477690039076947, 0.24522626803248687, 0.777940247696103, 0.529546559290882, 0.043092516438505556
0.21797085758611368, 0.13228917879721683, 0.7651925465619995, 0.6623961639955428, 0.04007100260254257
0.4117480478993879, 0.6308066063515814, 0.39036584734162055, 0.35633773618849346, 0.04617482324463534
0.525724508539192, 0.8376168296226205, 0.232117310013681, 0.8325493530994896, 0.04791841939745874
0.8680212229833031, 0.26384363704497665, 0.49572142156474064, 0.09310206602446966, 0.042647372637536665
0.8355412240598197, 0.9610626562866521, 0.03786656673324489, 0.7739462655739646, 0.04636815159503537
0.5978580494888617, 0.3060133113257681, 0.785461594851894, 0.7906528933803739, 0.04245045469862045
0.9868872985412454, 0.6640366490111349, 0.38077104689031666, 0.5538754112111042, 0.04601125942819003
0.4318066706795416, 0.43112774705200935, 0.1250094165231828, 0.7046103575298168, 0.04361323403555103
0.10662080399663665, 0.2934397703893065, 0.7744517695611097, 0.07549863720491264, 0.03703106058811943
0.5198297436853597, 0.354671391516304, 0.5005078421768965, 0.04928363889277871, 0.05213268045808021
0.8389156770959736, 0.009356540879288913, 0.48362888025831663, 0.8727407431265256, 0.0517738771172513
0.8615413073424211, 0.5295045899602612, 0.6589090628097057, 0.46054218734315205, 0.050265422138303435
0.982525553162783, 0.14983427306774913, 0.047873101246972756, 0.7973315668103146, 0.0470422217771725
0.19222822166299156, 0.8041521838641377, 0.7812134081729012, 0.015008742751140704, 0.056957793748182016
0.13471272633597992, 0.3848910810528643, 0.2910143928853272, 0.6886481753499379, 0.0422411682767327
0.5381049089801527, 0.6716364258730411, 0.7464638989109434, 0.5274241194630548, 0.04713120194310643
0.500060539835966, 0.07275056638659687, 0.21570481663462288, 0.014380865386739576, 0.06068259208368453
0.16578200775857252, 0.48883229458018357, 0.5700198496600247, 0.8792706181198233, 0.044858600857437626
0.15385921259408053, 0.19772586169423412, 0.10413308576066127, 0.9874926369230679, 0.030061863101854183
0.1448662068997864, 0.35288883896833495, 0.8470027191486283, 0.4497701472511089, 0.046585720453698645
0.9860810745021866, 0.0515053646208368, 0.20265423145824799, 0.004060395590118771, 0.06409158849545252
0.5939678685731345, 0.23933157724120352, 0.32110417855088985, 0.2941579167561984, 0.037242352012364664
0.12186940734366049, 0.08569802707364463, 0.9309994073447128, 0.3680254228467188, 0.0418502622075755
0.9142237622756291, 0.18867985416128885, 0.419752626966844, 0.4646533552778246, 0.04386397294827055
0.726211004434886, 0.6749871406577655, 0.9560772621983709, 0.204916976204642, 0.03905721756345534
0.4992284450975003, 0.47709947615322756, 0.5603588063281362, 0.3559450020494939, 0.04670406781004391
0.15326904301993532, 0.7500275840474258, 0.058396208225553324, 0.9960955148448377, 0.03861453085150177
0.33469854312258035, 0.7398700629889422, 0.5622085632176458, 0.3366366998134248, 0.045345271516835664
0.3679340954200761, 0.04853095628240066, 0.33094237978516305, 0.6420199483209175, 0.05119781403350887
0.3074707070735435, 0.1927062192525436, 0.5818930341305166, 0.34263811118329524, 0.04080000526672898
0.056204167133983365, 0.761044664715039, 0.28887970086526676, 0.32495980916435, 0.04364837721753133
0.7569178723349137, 0.7794437071615108, 0.8670051115677757, 0.8160839461906206, 0.04432451822932258
0.8878444811058271, 0.6816804659799567, 0.30890999597602437, 0.33320519706362256, 0.044869283068711685
0.6857771382071463, 0.4661944536411816, 0.39275683068676065, 0.6682631393409803, 0.04620614220808568
0.4709599025393426, 0.5121582250541635, 0.6527153552360051, 0.3683727878071813, 0.04692570102577062
0.3579263379323215, 0.9381259525561891, 0.44145565678310517, 0.5735436955972975, 0.04557855672172661
0.46573670863160777, 0.3964854016357816, 0.8520132600877406, 0.23397432250520178, 0.03888546097381481
0.32201607963958495, 0.09446622650970271, 0.2459623427333134, 0.7943522218581894, 0.04476819825586319
0.9531086472890441, 0.9073668726254617, 0.9059673837173909, 0.48497581539029605, 0.04918195939061925
0.9734326384719719, 0.4061782978850274, 0.9373354616517885, 0.2794667216449779, 0.0425857284993664
0.07664166287304484, 0.6558226762471128, 0.6911834553499264, 0.3586128365789356, 0.039118789046491735
0.7832504072526616, 0.7972951809166082, 0.3100291728028289, 0.6035515257382925, 0.046259474678599394
0.21292346612827182, 0.5432018900430475, 0.6061801587455249, 0.05726664719209094, 0.05485306037555133
0.03927685539996539, 0.5339888477404489, 0.253026131398826, 0.6428738997052271, 0.04915194250418478
0.900693508650062, 0.26593849028699246, 0.8986608171006577, 0.47879681780231237, 0.04516125995904274
0.7188471133444406, 0.10459514181636592, 0.011575368296884693, 0.9261042632117422, 0.05432483419982983
0.6028744873654192, 0.26577669901627926, 0.15115881642761522, 0.2950356011673787, 0.033787239607795845
0.5614589926924102, 0.21848783668523722, 0.7228834197406779, 0.5366147176567078, 0.04197326346371413
0.42740027371294365, 0.9174302740246787, 0.817104423313196, 0.3587693459691606, 0.045271890891435566
0.8633300536805804, 0.15149801675197735, 0.8854517735420986, 0.4904030188375587, 0.04745919651961003
0.826791014742158, 0.4895590802153968, 0.6734448163666252, 0.30598890431576137, 0.042623671621479974
0.9524686787107315, 0.24829389678376843, 0.3858016047738467, 0.821627202093043, 0.039788695704056555
0.6029677579964884, 0.7844074329028885, 0.9219520699497834, 0.8774157544046572, 0.044979598664930856
0.3945755930839641, 0.6292727535442489, 0.6567544053036614, 0.3035337538300724, 0.04025462494111
0.5448667697494708, 0.4447953705938833, 0.9768480726806155, 0.5385031815636206, 0.05051261131252366
0.5955574332247596, 0.47621027345346734, 0.25559210028502344, 0.5193621010804668, 0.05281736015121677
0.8465733131110221, 0.7694745050843187, 0.7374647059327104, 0.29168213723308706, 0.03822847635458702
0.7235247352017018, 0.1561956820255165, 0.5604998278340526, 0.05611058838410774, 0.049501559693230134
0.7044041679613752, 0.8053321852544509, 0.4125294536641826, 0.11281143781484969, 0.04542023105561408
0.9645993544801095, 0.04238292925507423, 0.4561592793670621, 0.7118316137684711, 0.049936145000294294
0.8015207375350829, 0.40938921515514914, 0.4966793306739399, 0.6883002508918242, 0.0464121010252689
0.5800127560928563, 0.27590759808552257, 0.27003063904031477, 0.8808549556475131, 0.04340752589912335
0.5963473196224974, 0.6091975010423409, 0.785375341193853, 0.6665367557388115, 0.045307820434913396
0.908387173150943, 0.9451670279432964, 0.445942136690756, 0.7607742474084834, 0.04255859075511148
0.5689808143785067, 0.8492546887223401, 0.683149202323997, 0.04210491479304288, 0.053640463885511795
0.8339071415956737, 0.5348446806881998, 0.6500846397921003, 0.7965866676691232, 0.04445781371597666
0.9655137564330205, 0.9640475043286552, 0.20067401734837542, 0.0732529122551836, 0.04829040977887401
0.5847610425971622, 0.9493663617155849, 0.9407602383387479, 0.14530342020141856, 0.04182122809310481
0.3421714457948904, 0.23416503339465244, 0.5159454523393174, 0.8078555509449099, 0.04122116661852895
0.8019404056405495, 0.39431695171016523, 0.49507080840943873, 0.5201981154671472, 0.04861916726620413
0.48847365557065486, 0.2937365118608611, 0.4835668687563687, 0.6880381528630782, 0.04356860795711509
0.41945587088333597, 0.2669488832932859, 0.7142737549327086, 0.25183677058209897, 0.035290771784507464
0.16535013309619948, 0.80166238425082, 0.11478494828130609, 0.3789774031911633, 0.045828073233587306
0.665363014864831, 0.4123996729060505, 0.03289655567499135, 0.4419623246994569, 0.05105102485033359
0.6931014921975066, 0.047934327531608846, 0.21373986221396699, 0.01850643650712815, 0.06322607092659809
0.6776178491483799, 0.8216462406760482, 0.38032313823194314, 0.6209679876458569, 0.04498499430720899
0.02421311899197197, 0.6022353734943975, 0.31771865875583827, 0.7557901282384252, 0.05097930103424675
0.852609078037615, 0.9082428794484914, 0.11592035707006192, 0.47139399607429555, 0.045725716265606564
0.9211035040147689, 0.4188514169187838, 0.17136716080416003, 0.9726539743640085, 0.047208210478007336
0.8860685117612305, 0.5439528249302044, 0.8225248928485567, 0.9570177944688403, 0.045322968300864214
0.27622638024777746, 0.14113097289482388, 0.15062413236340505, 0.3886863609533713, 0.03954361091098502
0.4475995387124716, 0.06775165495369773, 0.5831373014294803, 0.1663749460501224, 0.04261261698108458
0.5997593403459457, 0.8227819465101522, 0.7439855634125643, 0.5058578808786379, 0.04812372586800885
0.18609052543619384, 0.452643159797398, 0.6481064911652917, 0.8568388372852919, 0.04868972725948793
0.2497330499222683, 0.7031622538979136, 0.7290081280459306, 0.5280779501452552, 0.048358129073084684
0.5810253484483131, 0.8755047198425161, 0.33590950416483034, 0.11299178624422986, 0.045079233849188355
0.785962899945731, 0.27615766646137385, 0.21024232635916534, 0.6870908436841213, 0.04028893177685471
0.7667645867332052, 0.4036854872774473, 0.7394486334382886, 0.8603425902893723, 0.04878151133861798
0.06670462355197802, 0.09803082653160904, 0.14632640585042472, 0.5306608953046978, 0.05418861808169241
0.7838718977106781, 0.10381894645779668, 0.4136772545997545, 0.7293167115564962, 0.04557594191311441
0.9913514597880443, 0.76628461985575, 0.7175905394900057, 0.569724727381487, 0.0444191163482122
0.3574258673535087, 0.04578951043705724, 0.34132913811515747, 0.529595305771542, 0.05451206553907075
0.5832551351049211, 0.6947818890531516, 0.9125927435391185, 0.7298394264472167, 0.04461492818384402
0.857116487088598, 0.23839071539682533, 0.3529103164353109, 0.47209957532384855, 0.044247863242928225
0.35675388641369354, 0.1572457029694306, 0.9036658805515898, 0.5849556195498316, 0.04541103073202911
0.7185290820764966, 0.9689810200373651, 0.3185563964619618, 0.9104889848567775, 0.04507606961535822
0.021382411636947075, 0.8024781170119936, 0.9494071837630963, 0.18237500865174588, 0.04612733963851841
0.9917731518644802, 0.45376037328579566, 0.8014324130523727, 0.3289887219563192, 0.045704753098690785
0.9088168002463276, 0.6105220290737582, 0.575019153642716, 0.19075667059132528, 0.0379951167560792
0.4911078796058655, 0.25484929733719197, 0.7431668683437167, 0.08561655802275546, 0.042712834778688785
